date,actual_next_five_day_vol,ridge_predicted_vol,recent_vol_baseline,actual_elevated_risk,predicted_elevated_risk,elevated_risk_score
2023-04-18,0.12041670284004495,0.1265148210509753,0.12148567306098684,0,0,0.4255249757334059
2023-04-19,0.1241241955907795,0.12165510957974168,0.1152153719642189,0,0,0.38628284779950056
2023-04-20,0.18298155544953768,0.13870240510248402,0.09527563014507305,1,0,0.47860622790579405
2023-04-21,0.1925937499724043,0.14442176202075807,0.09545570291686754,1,0,0.4977544081550657
2023-04-24,0.19258503036588784,0.13382842732087796,0.09425197224567963,1,0,0.43691900394221883
2023-04-25,0.17499515614898342,0.18206709924933093,0.11406676659174106,0,1,0.7719105326019939
2023-04-26,0.1791822972639496,0.18204875622894726,0.11508208375475613,1,1,0.756052060944211
2023-04-27,0.12275266724801802,0.17626042164055605,0.12435412742037072,0,1,0.7393401933420644
2023-04-28,0.168482916837361,0.14974761256318989,0.1259732942946495,0,1,0.6229445140768806
2023-05-01,0.16834080795455067,0.13746974969273607,0.11717234491931233,0,1,0.5544309069556749
2023-05-02,0.15123963483308195,0.17687081203426977,0.1240075473553874,0,1,0.7382990746502441
2023-05-03,0.14689266386814714,0.16914840919788002,0.124879796379771,0,1,0.6991317585948823
2023-05-04,0.1385082931049043,0.1771413737077765,0.12708698623819875,0,1,0.7415176560238963
2023-05-05,0.04808724533178854,0.18076968113506595,0.1427967893369633,0,1,0.741577606392444
2023-05-08,0.05391311027652988,0.15210023713975623,0.14277939920839855,0,1,0.6239613549018971
2023-05-09,0.06479958487537209,0.15812906698662307,0.14378405234134728,0,1,0.6269181069306461
2023-05-10,0.10218345585773238,0.16391009922650368,0.14372147924786693,0,1,0.6414144181316185
2023-05-11,0.1221482158064068,0.14043878144428756,0.13590676046258107,0,1,0.5153326615508403
2023-05-12,0.12223110056719384,0.14138790394247408,0.13571346035034057,0,1,0.5072200026786091
2023-05-15,0.11979539816387316,0.13911238888358357,0.13566473858567304,0,0,0.48665597571797753
2023-05-16,0.1360331824868018,0.1445162192342747,0.13761439855086277,0,1,0.5387412851444401
2023-05-17,0.117610354578359,0.15071751898587182,0.1446544099958294,0,1,0.5552531908692121
2023-05-18,0.1137855202838508,0.13815146593149505,0.14677840176553744,0,0,0.4906055593122754
2023-05-19,0.14555123497718242,0.13823402940290652,0.14701392824965595,0,0,0.4900012423221709
2023-05-22,0.14554780199306483,0.12243972738385606,0.14701578630062728,0,0,0.3832966976208984
2023-05-23,0.12776018891442786,0.14996389175871402,0.14071176777510072,0,1,0.5672959563208332
2023-05-24,0.1347761229098893,0.16220066588048176,0.1425987965425978,0,1,0.6403093818167326
2023-05-25,0.15750277060014506,0.16174807318356121,0.12778081055581422,0,1,0.6356629492343409
2023-05-26,0.1290259680334736,0.1516041673551422,0.13237027633350215,0,1,0.5863491550859312
2023-05-30,0.12991861001079247,0.13616342827984002,0.13225330392026502,0,1,0.5012691112687553
2023-05-31,0.12619453010169157,0.15839294173756668,0.12688450917401634,0,1,0.6100673853633539
2023-06-01,0.1151139686547742,0.13311610684033673,0.12693511447963032,0,0,0.42184959803801314
2023-06-02,0.05498534873764002,0.11436189840271435,0.1300921501105471,0,0,0.3260305722050824
2023-06-05,0.0833579037494694,0.10991601768201334,0.11708301024719664,0,0,0.32648321158035937
2023-06-06,0.09426779656681397,0.11765845838230703,0.11696398354537178,0,0,0.33997420206428075
2023-06-07,0.09139547714121922,0.12520477208637407,0.11635296259447242,0,0,0.38522048055603964
2023-06-08,0.11904505654929201,0.1083725746792433,0.11688956331322026,0,0,0.2832253898500516
2023-06-09,0.12081589046122791,0.12030133234828991,0.11608434630670443,0,0,0.33859359710473985
2023-06-12,0.1088559898188357,0.11491751424952079,0.11783276924871948,0,0,0.29432941612398905
2023-06-13,0.10489637531860824,0.11030082076168407,0.11864018281691613,0,0,0.2749310558591737
2023-06-14,0.10763929663548456,0.10983189991190734,0.11346171690116633,0,0,0.2536372150808352
2023-06-15,0.08268771031936709,0.10341806152608121,0.11373029891033172,0,0,0.2177043015044385
2023-06-16,0.08423411822124934,0.10702215853027115,0.1133949843940936,0,0,0.26152033950367876
2023-06-20,0.10827548199299757,0.10778615218645358,0.11589833317444227,0,0,0.26532044743599914
2023-06-21,0.10201196907747201,0.12172521794259689,0.1187688710556643,0,0,0.34501146297412993
2023-06-22,0.10262512924677093,0.11568238872495262,0.10780212138075664,0,0,0.31601600122850576
2023-06-23,0.12068983531215581,0.13855135650751305,0.10820144337846486,0,0,0.4448495010411994
2023-06-26,0.1174217155949223,0.1442169888956564,0.10854966454581857,0,0,0.46353346575210047
2023-06-27,0.08892441743837692,0.12914987318798757,0.1061806571005155,0,0,0.39496643954458543
2023-06-28,0.10492655586847012,0.11620335216809194,0.1061554923497736,0,0,0.3353952829540978
2023-06-29,0.10272199455754197,0.10831250126520671,0.1023765195380585,0,0,0.28305012405234853
2023-06-30,0.06274788822062591,0.11471660270061895,0.10470379070525868,0,0,0.2885465725918379
2023-07-03,0.07682349674356258,0.07317778891391394,0.09520935150451461,0,0,0.12735974505526898
2023-07-05,0.09500950711374578,0.08875188732859837,0.09498628483596269,0,0,0.1728250078516242
2023-07-06,0.09519332392656875,0.1156896557539466,0.10125396170679317,0,0,0.3126502162035671
2023-07-07,0.09359086232890497,0.12262069334763417,0.1006952515919974,0,0,0.34982400403667524
2023-07-10,0.09509327233527144,0.1138429651363328,0.09939787123042237,0,0,0.27781044831668344
2023-07-11,0.0988617739131326,0.11155287255390238,0.10094155837140058,0,0,0.27716743715551573
2023-07-12,0.08237576126307564,0.11054833474366073,0.10001185998369629,0,0,0.277662284802762
2023-07-13,0.07661033971540623,0.09196884921090942,0.10100321407966396,0,0,0.16839029434733901
2023-07-14,0.07648258796923736,0.08551152257010172,0.10131514750456211,0,0,0.143260773314793
2023-07-17,0.07902720105873288,0.07600232473402664,0.09339576337620235,0,0,0.11023699366169809
2023-07-18,0.06211136693109887,0.08128835071827042,0.09433935235894728,0,0,0.12341460161241563
2023-07-19,0.06008572325073507,0.07422735036166107,0.09080386808250787,0,0,0.10828266833941053
2023-07-20,0.06006074226053125,0.09591262435529194,0.09253600540076831,0,0,0.19174875114160417
2023-07-21,0.09160399242227504,0.1024564285849292,0.09256280249839242,0,0,0.2066872826807812
2023-07-24,0.08701960541068542,0.08507628971413544,0.08606885662431868,0,0,0.15340560902028774
2023-07-25,0.08724495651191136,0.084266718355341,0.08261502028505838,0,0,0.14658111502752613
2023-07-26,0.13229074881363528,0.09513310987083799,0.07709698454239843,0,0,0.18349317920882166
2023-07-27,0.12524282435274817,0.11663745318932159,0.08309815881378133,0,0,0.2703069456599231
2023-07-28,0.10925837134313024,0.09999731305905263,0.08750721370270989,0,0,0.20067289319824358
2023-07-31,0.1247459571406557,0.08102160998750452,0.07977507799113603,0,0,0.15493003101517455
2023-08-01,0.12690511645401226,0.08502028938795775,0.081340653475287,0,0,0.16658797055713043
2023-08-02,0.09209917508794896,0.13910099814240792,0.0977438541233158,0,0,0.4581725943511617
2023-08-03,0.08985343398154767,0.12579044252146446,0.0933976347723844,0,0,0.3680491566709198
2023-08-04,0.08399507361653363,0.14487190457555849,0.09467408815903659,0,0,0.46873861770807207
2023-08-07,0.06910826944544807,0.12182168854600453,0.09850099563916237,0,0,0.3435208988856488
2023-08-08,0.10362596454437427,0.1263524302702391,0.09846978189429087,0,0,0.39317492004678783
2023-08-09,0.10585181397900549,0.13963138290638252,0.09784283389482763,0,0,0.42474439880149595
2023-08-10,0.11894103400143942,0.13449083620842192,0.09328560738543422,0,0,0.3976256109259277
2023-08-11,0.11891795924709533,0.11444347875744837,0.09328450419139986,0,0,0.2925654916380715
2023-08-14,0.12138397489116513,0.09964062289608583,0.0946770842963799,0,0,0.2082151322340809
2023-08-15,0.0904725764333419,0.13258216964372355,0.09829226906535447,0,0,0.41705393370104815
2023-08-16,0.10786396357315599,0.14505558350011313,0.09966994330508948,0,0,0.4741648477344473
2023-08-17,0.13602199758854056,0.1537248976512336,0.10037922516294695,0,1,0.5485495938302934
2023-08-18,0.1448360375957508,0.15126730000818325,0.10050739705036536,0,1,0.5346182646651116
2023-08-21,0.1444700908516505,0.1299043706426762,0.10241256575150778,0,0,0.4136781928151623
2023-08-22,0.1757298649942066,0.1266405886626742,0.10113239076823519,0,0,0.3805352350443407
2023-08-23,0.15984109660360515,0.11779503019852383,0.11106845575535948,0,0,0.3060202996298895
2023-08-24,0.1258612465393992,0.13798472488129102,0.11844000637192871,0,0,0.4704504858155332
2023-08-25,0.11631384667529054,0.14157301206430398,0.11529196440394544,0,0,0.4517991006514294
2023-08-28,0.1116259975929585,0.10906240309979182,0.11824917106600866,0,0,0.29057567374065024
2023-08-29,0.06613095145276651,0.11363773802332193,0.1310393390958574,0,0,0.28053250479242337
2023-08-30,0.06323197669134639,0.09681046050225114,0.12232513012605654,0,0,0.2208947320436738
2023-08-31,0.0632797027300613,0.10130558785809102,0.12197413465139703,0,0,0.19676682410182508
2023-09-01,0.07742745748727344,0.08945044897213578,0.12081220027373085,0,0,0.15563578335861225
2023-09-05,0.08108316778771704,0.09562922492951823,0.11789279203650116,0,0,0.1933787383198015
2023-09-06,0.06595241134725088,0.1219903196187147,0.11931532430682684,0,0,0.304660140569427
2023-09-07,0.08711036842136684,0.13396359378815864,0.11740215139524028,0,0,0.36174829850719625
2023-09-08,0.12198073854817164,0.12627094642373143,0.11753207532446096,0,0,0.3250945879242265
2023-09-11,0.1128313228388175,0.11572979183281992,0.11980688401434654,0,0,0.2801138971722798
2023-09-12,0.10687903940257447,0.12197019998715417,0.11985061944915462,0,0,0.3247883907658819
2023-09-13,0.12511542741348342,0.11539996001163198,0.11194724807901701,0,0,0.2648924800010391
2023-09-14,0.1610549509270785,0.11163276849067734,0.11157694009382861,0,0,0.24874208391798633
2023-09-15,0.1370724511575194,0.1393404084164525,0.11726795037856996,0,0,0.4518024930869592
2023-09-18,0.14021068772365125,0.12187745532655786,0.11726260758710202,0,0,0.3205319051169249
2023-09-19,0.17459073415239065,0.12379017808537146,0.1158669845318241,0,0,0.3446865282815372
2023-09-20,0.16183567407823593,0.14156945000026805,0.12052914842507083,0,0,0.4648603129839996
2023-09-21,0.11779262558972879,0.18400817963985197,0.1274540442801272,0,1,0.7185539704394099
2023-09-22,0.1179715965385096,0.18565369669670662,0.118306129097716,0,1,0.7131173826816098
2023-09-25,0.11418307338818419,0.1549261628282423,0.11630695000583041,0,1,0.5685861873971166
2023-09-26,0.10559847263353027,0.18391640067245765,0.12332133359184642,0,1,0.7525608728077527
2023-09-27,0.11745744079801872,0.18555016861373633,0.10814527254771886,0,1,0.7496152490508997
2023-09-28,0.11008762465028106,0.15851221441393673,0.10964431661230484,0,1,0.5941309751162939
2023-09-29,0.1372694210645754,0.15224075341166698,0.1095907534409217,0,1,0.5724919348353588
2023-10-02,0.14452517152213473,0.1412150248299936,0.10870617738473863,0,0,0.4942423053806403
2023-10-03,0.11442212874705153,0.16527774284571126,0.11534581800996882,0,1,0.6373834468989643
2023-10-04,0.10621382083842076,0.14989288605467288,0.11993184399230693,0,1,0.5255270445828034
2023-10-05,0.11471189693531697,0.13361567952141057,0.12008297077342876,0,0,0.4587533883997993
2023-10-06,0.08599002216893295,0.14907213053600427,0.12945542516148623,0,1,0.5235587732834232
2023-10-09,0.10422565052998334,0.12092748661724304,0.12931097714761675,0,0,0.36562421585122606
2023-10-10,0.09749281838885182,0.10960554491270812,0.13066045715535218,0,0,0.25564360001402464
2023-10-11,0.13316268017087313,0.09022175426711068,0.1317470358031524,0,0,0.17786149981754804
2023-10-12,0.1406169626939243,0.10931578467943569,0.1278703636179173,0,0,0.2705228024673431
2023-10-13,0.1619298740997024,0.12704049824111036,0.12256849938791645,0,0,0.36427769773660845
2023-10-16,0.1444009841778199,0.11735069128922865,0.12946944252079043,0,0,0.30438677794937097
2023-10-17,0.15393181020442664,0.11246247640054463,0.12941768294336126,0,0,0.3015397117997048
2023-10-18,0.15861275621174536,0.15222334696125228,0.13382208805247517,0,1,0.5486341635821177
2023-10-19,0.1689585767262538,0.1795181044291777,0.12417022221927673,0,1,0.6992838206837666
2023-10-20,0.14792698437316398,0.1884439361834,0.13097967906693572,0,1,0.7615514166907345
2023-10-23,0.1698516182403363,0.17398305117263374,0.12949202054198358,0,1,0.6811034245666272
2023-10-24,0.16727713543576334,0.16339941130164165,0.12287413669819011,0,1,0.6410011597999639
2023-10-25,0.1520552714298025,0.1836825676466009,0.13272895069982896,0,1,0.7611517701936499
2023-10-26,0.1843040541072022,0.2044367237755344,0.1356884903693114,1,1,0.831301714773238
2023-10-27,0.19257451708465764,0.19335141080472057,0.13600509159909557,1,1,0.7909131867453071
2023-10-30,0.17387422838512406,0.16948927456863125,0.14464356230017977,0,1,0.6765896380489884
2023-10-31,0.16930373164053703,0.1529632733609571,0.13965150454148403,0,1,0.6069888690057516
2023-11-01,0.15172003590159827,0.15385650056273464,0.14256700077029696,0,1,0.5655121836969574
2023-11-02,0.08914546829989696,0.12674979759344443,0.1580363846946139,0,0,0.36161211015326494
2023-11-03,0.1259909512397533,0.10233687100467304,0.15578744008442627,0,0,0.23240018860705647
2023-11-06,0.12511359077455197,0.08760441398821417,0.15444448677048253,0,0,0.17179988143188696
2023-11-07,0.1839971829856345,0.09190439553038571,0.1536994941154495,1,0,0.1805033716510837
2023-11-08,0.18453553688048113,0.09351261395607408,0.15305541890466473,1,0,0.19229521681439166
2023-11-09,0.17617917174289652,0.12399401385587601,0.15409719733196073,0,0,0.35399085674787284
2023-11-10,0.13796027807823044,0.13295954769432877,0.162190890768868,0,0,0.3723394245297458
2023-11-13,0.14815783184185494,0.11310354001565381,0.15841382422737127,0,0,0.2987484882673611
2023-11-14,0.05985051710761518,0.12738869012595108,0.17176701234024935,0,0,0.3209754196229194
2023-11-15,0.0640702612853484,0.1065375256606588,0.16255684040166032,0,0,0.24285674081170458
2023-11-16,0.06363008138846316,0.10191879338494197,0.15733636003427096,0,0,0.1991891407106685
2023-11-17,0.06430128993508666,0.10408356490287696,0.14712134795156348,0,0,0.21567094361946287
2023-11-20,0.03493515193411344,0.09586764051237287,0.14655719812772172,0,0,0.17240600879102047
2023-11-21,0.03170928574645535,0.08983743729246116,0.14739607264818635,0,0,0.16429343820587908
2023-11-22,0.03217773527098827,0.10440384774594244,0.1314769607688613,0,0,0.19586189989665698
2023-11-24,0.05262911441032908,0.0914253867311473,0.11754496320482799,0,0,0.1524252539532572
2023-11-27,0.0632629372331188,0.10248844200840543,0.11499052937646709,0,0,0.1921803684591154
2023-11-28,0.06288719951560705,0.10800553082954682,0.11290751649290696,0,0,0.2035592266922073
2023-11-29,0.06893193877246633,0.11000468002515024,0.11418429316770068,0,0,0.2117496398986011
2023-11-30,0.08297864244318763,0.11073017598879359,0.11162512150890774,0,0,0.21021824025497454
2023-12-01,0.07784268610610308,0.10672353990145231,0.09675498697237223,0,0,0.19629335177906462
2023-12-04,0.07364015881563503,0.10582137344300097,0.09854325017505004,0,0,0.21034428145089246
2023-12-05,0.0804210448032123,0.1064220563363939,0.0989974644984214,0,0,0.20331016145990194
2023-12-06,0.12287977469847948,0.10814522825666467,0.10151839996527763,0,0,0.2242356158389856
2023-12-07,0.11271558440991475,0.10057393864323859,0.10329346498470376,0,0,0.19086081659348922
2023-12-08,0.10915188117841908,0.0998201942805799,0.0961761537262135,0,0,0.1974864833656431
2023-12-11,0.11287350005928416,0.08876651913550487,0.08419115043033021,0,0,0.1454919472202179
2023-12-12,0.11638786371544835,0.08009978918825288,0.08357663776069114,0,0,0.11691776934920592
2023-12-13,0.11792503713750009,0.08358469573120828,0.0703054868346577,0,0,0.1239637098426188
2023-12-14,0.1337067768095757,0.08054732014104163,0.07035964842772308,0,0,0.1281632248851039
2023-12-15,0.13395450229995098,0.09077286792659903,0.07173353032661596,0,0,0.16989565961582867
2023-12-18,0.1313501664162291,0.06797435172648378,0.07256616025171371,0,0,0.10062545734585908
2023-12-19,0.1247596831723108,0.05689928069534163,0.07126089561040334,0,0,0.08301448731023059
2023-12-20,0.07588369888288629,0.1099390170648996,0.09088812463668745,0,0,0.28381261808233904
2023-12-21,0.0411496283001862,0.11158525291992887,0.09462211077446064,0,0,0.2601073578123221
2023-12-22,0.05547503192617038,0.09105928384218057,0.0944596452715613,0,0,0.19342034624193424
2023-12-26,0.07464330902237308,0.08356202242613134,0.09350641520156844,0,0,0.16073051440451971
2023-12-27,0.07701834426954333,0.08789672431259134,0.0933787552118154,0,0,0.17646005346171856
2023-12-28,0.07758263409243471,0.09411441823246641,0.09296170630193411,0,0,0.14116235663884627
2023-12-29,0.1253886306116152,0.10662622765719057,0.09478302026233591,0,0,0.18226536649818378
2024-01-02,0.11937815635868228,0.11957752082385437,0.09764113291090538,0,0,0.2516715953602431
2024-01-03,0.11164706889875163,0.12861985623753378,0.10090381523287277,0,0,0.3092178592869676
2024-01-04,0.10931698994431656,0.12915602545584023,0.10214877423527716,0,0,0.3039722835472508
2024-01-05,0.10899512699793526,0.1243415309128975,0.10014374443925012,0,0,0.2879970801215272
2024-01-08,0.04934407571248368,0.10923248838604907,0.10777165709672844,0,0,0.24559513760273616
2024-01-09,0.06232743667591493,0.09765032791174544,0.10807598350622227,0,0,0.2060457198946016
2024-01-10,0.07894560870982549,0.09179068152857042,0.10873181066163777,0,0,0.15194673779325832
2024-01-11,0.11814606189258467,0.08423718953782502,0.10847039932112618,0,0,0.13231408509530557
2024-01-12,0.11899232295710273,0.07568066135274049,0.09844467796498393,0,0,0.11074168751421097
2024-01-16,0.11791883299563648,0.09439239058685756,0.09929364330103722,0,0,0.15196147950652233
2024-01-17,0.11135060863145775,0.10566392287535724,0.10138194212739364,0,0,0.1972104612577056
2024-01-18,0.09965489666252743,0.10701547766187666,0.10424292951496648,0,0,0.2029071060738172
2024-01-19,0.0477144240063882,0.10366797835928043,0.11094306403100071,0,0,0.2103119806885869
2024-01-22,0.07202658465609983,0.0827833597601755,0.09631120555084781,0,0,0.14989102148715092
2024-01-23,0.06921375145720508,0.07295642828969345,0.09195189087524028,0,0,0.11063071209868418
2024-01-24,0.13554348893619242,0.07856542564969579,0.09191187965673263,0,0,0.109365781921504
2024-01-25,0.159408995009893,0.0688405096611139,0.092532324057793,0,0,0.08741194579743625
2024-01-26,0.17566183352586362,0.07956537002032332,0.09294612764407632,0,0,0.10399732712796307
2024-01-29,0.168498465115169,0.07683530913728522,0.0959148438215606,0,0,0.09820153851159598
2024-01-30,0.16966194277575064,0.07348581740892018,0.09491144734849111,0,0,0.0998724260587206
2024-01-31,0.1364570284457183,0.1417784085861543,0.11209885292008205,0,0,0.4326723056858956
2024-02-01,0.10054041057550481,0.12713456210463747,0.11409028819041202,0,0,0.3211264844624283
2024-02-02,0.07908801330746353,0.11011070861831673,0.11590661565151252,0,0,0.2640795485678662
2024-02-05,0.07479287972550801,0.10661351634113138,0.1180846951114646,0,0,0.2523092536591378
2024-02-06,0.12191916928724611,0.10156045001082083,0.10987891357330773,0,0,0.2210287498846247
2024-02-07,0.1245473095140584,0.09264377390416134,0.11123085098751617,0,0,0.14825061378114265
2024-02-08,0.13373524348611993,0.07520493772263347,0.11080975240867617,0,0,0.10817760379165603
2024-02-09,0.13216442624757094,0.08709721791305326,0.11101271625658522,0,0,0.1296978991221837
2024-02-12,0.13781782122352346,0.08594566543967565,0.11133505622181263,0,0,0.1236912130872753
2024-02-13,0.09664959014515308,0.13329594768207345,0.12397690799924246,0,0,0.3583603029435475
2024-02-14,0.16237135690039772,0.11737881254906325,0.12302557537666618,0,0,0.2529609036637829
2024-02-15,0.15493710715003936,0.10148833710598835,0.1219104846376965,0,0,0.20461160481464644
2024-02-16,0.15306171147221348,0.11439998515614772,0.11899324990197445,0,0,0.2712276219312581
2024-02-20,0.14854446460549464,0.12726176108626347,0.12172930176244151,0,0,0.32786502859461386
2024-02-21,0.14870201293799365,0.11456114202612455,0.12159781587975393,0,0,0.23712337075815243
2024-02-22,0.04016475270681445,0.1092713767971204,0.13942453545545602,0,0,0.21908830686452063
2024-02-23,0.07739673179819191,0.09855544306585498,0.13899695108205717,0,0,0.1989856587160643
2024-02-26,0.07327866568191181,0.10873743806508127,0.1400003001142049,0,0,0.21941877311436647
2024-02-27,0.10139534812854259,0.09991820208186736,0.13818713855182896,0,0,0.17568701560593117
2024-02-28,0.1071466970201281,0.09613882752062754,0.1383241901066543,0,0,0.17105838329644607
2024-02-29,0.12549390314732026,0.10791640896741145,0.12094898106588227,0,0,0.19411772877124342
2024-03-01,0.11478000890318928,0.10717390065228391,0.11739749144802016,0,0,0.199874998363291
2024-03-04,0.1146895737665223,0.09135060398390409,0.11391859266385505,0,0,0.14632138719860033
2024-03-05,0.11763994973982725,0.1214196334773227,0.12006054507828517,0,0,0.2841658049920941
2024-03-06,0.11258627216294317,0.11543093871632475,0.12064466564597923,0,0,0.2389590038389322
2024-03-07,0.0891947492228726,0.09519670100520863,0.12193037376140384,0,0,0.17183288885450312
2024-03-08,0.09231379137250395,0.11822972113637756,0.12490098765217686,0,0,0.28410075077385033
2024-03-11,0.10126308066162132,0.11673422710498163,0.12399027128263822,0,0,0.2573256696897823
2024-03-12,0.0776642367198836,0.1066732913264673,0.12850317748514611,0,0,0.19756156329768068
2024-03-13,0.10089511722842753,0.08665627145070884,0.11570566325763038,0,0,0.14892055629593634
2024-03-14,0.10262135337521053,0.12616124722662822,0.11361151179879139,0,0,0.2990779234172369
2024-03-15,0.0912128655378795,0.13446481083207465,0.11564922955175837,0,0,0.34767936541633443
2024-03-18,0.08328209576703814,0.11599780554440049,0.11472610184556742,0,0,0.24477208661173488
2024-03-19,0.07456757690398041,0.09423125569603438,0.11247903793727408,0,0,0.16409004801051463
2024-03-20,0.06941218907330261,0.0961282871578145,0.11520786091545164,0,0,0.17009789245510928
2024-03-21,0.06535486806212311,0.08211089241235078,0.09364466745150807,0,0,0.13347279016493896
2024-03-22,0.06513471052103559,0.09166594609786219,0.0944191272431374,0,0,0.1397649109452391
2024-03-25,0.07685809494299775,0.07991870387005186,0.0938221514147835,0,0,0.1169580044010024
2024-03-26,0.07612911746269194,0.09235207733729293,0.09455373257606878,0,0,0.15510900630778957
2024-03-27,0.09933491128091612,0.09738326905647046,0.09719165802950046,0,0,0.16508896990101093
2024-03-28,0.12372992824171083,0.10281595313446794,0.09719416713090365,0,0,0.1931771478515165
2024-04-01,0.12317498979475418,0.09417139224279411,0.09338297444372176,0,0,0.1568958604355971
2024-04-02,0.11484345504522447,0.10582026184043881,0.09682170573635845,0,0,0.2097127284007258
2024-04-03,0.13502803334940205,0.09489857834250114,0.08795831894087376,0,0,0.1680664400195684
2024-04-04,0.11610337685499962,0.13154427933610827,0.09908662540712576,0,0,0.3579813624500628
2024-04-05,0.13331646405461334,0.12293343863309977,0.09974923667470749,0,0,0.31095162385774894
2024-04-08,0.16052483479789553,0.09874132551627152,0.09672853613435237,0,0,0.22708572339914243
2024-04-09,0.16083787526371812,0.1042988478962378,0.09652461013354514,0,0,0.2308271043270869
2024-04-10,0.15013411798051582,0.12066546749117443,0.0968036423852253,0,0,0.34190186753055435
2024-04-11,0.14108516724860617,0.11129286891748799,0.10029009469496579,0,0,0.23936751033457818
2024-04-12,0.11849803556772309,0.13451471764770584,0.11218461711304785,0,0,0.4104728075912843
2024-04-15,0.1013234041611478,0.16861687218869703,0.11834273864426285,0,1,0.601081119258015
2024-04-16,0.13081358330002812,0.15828687925344576,0.11590772744751919,0,1,0.5454214801741741
2024-04-17,0.12388637562480084,0.15660331043534764,0.11457628533906979,0,1,0.5528135448068975
2024-04-18,0.12595294200512935,0.15318832545257435,0.1073765196116273,0,1,0.5135389100184974
2024-04-19,0.12834246507729394,0.17432374883194157,0.10793676228624044,0,1,0.6330130551371735
2024-04-22,0.11342992264363945,0.14352891659136696,0.11582851094790142,0,0,0.434847674404602
2024-04-23,0.13676122899724583,0.11870830731697707,0.12582952969650463,0,0,0.3117725636474109
2024-04-24,0.13865570143305123,0.10794778740283992,0.12585574323323387,0,0,0.25584542058017035
2024-04-25,0.15120730276150363,0.11717548132758068,0.12075615244914792,0,0,0.29550130493201615
2024-04-26,0.1613418963423521,0.10490624672236665,0.1272348263258445,0,0,0.20562440504019797
2024-04-29,0.17527436064828858,0.08206285322821445,0.1284398719408826,0,0,0.14003683580576448
2024-04-30,0.1339081477515811,0.1371688184564907,0.13776743860783422,0,0,0.41933010320075914
2024-05-01,0.13190426549798306,0.1534359393448509,0.1374810140754361,0,0,0.49129427255135627
2024-05-02,0.1212188867027095,0.13007701900701504,0.13715545990705527,0,0,0.35719649600630987
2024-05-03,0.08443209890915725,0.12068210367163393,0.1393909809665446,0,0,0.3119903044148486
2024-05-06,0.04254267257585887,0.10180803032449448,0.14471262990947542,0,0,0.21266097938575418
2024-05-07,0.05295983986422243,0.09669149939219082,0.14470609777843446,0,0,0.1718527920461611
2024-05-08,0.10216617453294438,0.0830725761293244,0.13994632998450995,0,0,0.12222199659407787
2024-05-09,0.09480533312296278,0.0773019754976767,0.13887025134113637,0,0,0.10667950236581154
2024-05-10,0.0949133651901034,0.08392946463934903,0.12848137208464322,0,0,0.12579131076871664
2024-05-13,0.0952598565671424,0.08784955613345999,0.1181722196754492,0,0,0.1273991761085544
2024-05-14,0.09121787615457286,0.09706821587374724,0.11789203833624798,0,0,0.14998074273631243
2024-05-15,0.03325781991134588,0.08879414784476301,0.11953070184749442,0,0,0.13356322780415963
2024-05-16,0.060008491191223576,0.08403207232802257,0.11953060136514723,0,0,0.13322147957867247
2024-05-17,0.07542435026187418,0.09472476669330193,0.1116175787840385,0,0,0.153716858609114
2024-05-20,0.07514406271592755,0.07835806656129546,0.10968476030021736,0,0,0.11020439802796757
2024-05-21,0.08850422219112458,0.07403687481296674,0.10458199389169391,0,0,0.10192809781951068
2024-05-22,0.09821784683573082,0.09260295404447746,0.10582661507136291,0,0,0.14093509471644317
2024-05-23,0.1052692641262341,0.11701315854645515,0.10923514031416226,0,0,0.24383582731279263
2024-05-24,0.09446291986545374,0.10102434910633523,0.107185253061583,0,0,0.17791393336165698
2024-05-28,0.09466550327880018,0.09072522186042895,0.10713380326856979,0,0,0.15502636613710807
2024-05-29,0.11622582518320472,0.1081743397831596,0.09081427912692346,0,0,0.2361502694904457
2024-05-30,0.10618699332699538,0.12176261677192518,0.09433283553122178,0,0,0.3001096544218297
2024-05-31,0.08489198451617025,0.1330001357635397,0.0940930501601066,0,0,0.3577188876601842
2024-06-03,0.08748083400465655,0.09608204176037206,0.08615196968698476,0,0,0.20471046229359222
2024-06-04,0.08877808640108925,0.09179821151290805,0.07980679722217927,0,0,0.1876826647026505
2024-06-05,0.06494463462524544,0.09194520095783487,0.08835695392460845,0,0,0.17275527593224077
2024-06-06,0.06649629206689567,0.07216335861919866,0.08838508790211258,0,0,0.10562517322971528
2024-06-07,0.06607432879900398,0.08231550272705891,0.0875691023901869,0,0,0.12760682593024172
2024-06-10,0.08398379479183475,0.0796629414890283,0.08779436307229571,0,0,0.11721597169721441
2024-06-11,0.08417993661298165,0.07468335447048303,0.0877291937182729,0,0,0.1071766980729391
2024-06-12,0.0639318316612183,0.08888209514123208,0.09029034218193448,0,0,0.1327250595944082
2024-06-13,0.06303976528344017,0.07978987742286907,0.08117988454270708,0,0,0.11073988876617544
2024-06-14,0.06700520455284033,0.07805618357501508,0.08031481131145708,0,0,0.0988296548754843
2024-06-17,0.04546534405572596,0.08012576126166453,0.08367915445685054,0,0,0.10678247409605471
2024-06-18,0.04267263076411769,0.06716438249525951,0.08371653538409707,0,0,0.08365529147967203
2024-06-20,0.039661853611437,0.09065169785262253,0.08510965066536073,0,0,0.14358739487463296
2024-06-21,0.04760119390554998,0.0944955456930634,0.08423981740494467,0,0,0.1560471055923891
2024-06-24,0.04409732014855922,0.08845678485733988,0.07967433084098452,0,0,0.14957483230282848
2024-06-25,0.05888354924239234,0.08473477177935393,0.07802859104780162,0,0,0.12201417045920285
2024-06-26,0.06624294074126325,0.08449315975067964,0.07796939530441575,0,0,0.1230063454016757
2024-06-27,0.07700327256129984,0.0812974427034745,0.07098014983275303,0,0,0.11029585269043363
2024-06-28,0.07220113653272281,0.10150352329523243,0.06711396938725074,0,0,0.18517680553674562
2024-07-01,0.07104643616150484,0.08250345746968554,0.06200048813557762,0,0,0.11591240530172851
2024-07-02,0.08756038110054237,0.07195784193040519,0.06420162647729599,0,0,0.10360439529556276
2024-07-03,0.10221202914311768,0.06288541205228987,0.06459360040674424,0,0,0.08834253416182221
2024-07-05,0.10379483934729027,0.061241626859687176,0.055719394510579334,0,0,0.09476153773597755
2024-07-08,0.10529234549435826,0.06148879920260718,0.05531157954039015,0,0,0.0702952171224993
2024-07-09,0.11314142414755522,0.05402189175059113,0.05412862922607296,0,0,0.06138700016405357
2024-07-10,0.1340284225869713,0.056914423981921786,0.06059213377761427,0,0,0.07240878248774567
2024-07-11,0.13108612631588779,0.07986692127481561,0.07240254368400796,0,0,0.16921580101974193
2024-07-12,0.13201632488548398,0.08384508500868068,0.07052995192928496,0,0,0.16771228853055276
2024-07-15,0.14950093230736664,0.06900070677980054,0.07060007263801613,0,0,0.13118060567727052
2024-07-16,0.143918519415839,0.06323656872637608,0.07182366645092127,0,0,0.11226564106324717
2024-07-17,0.19273804941048553,0.11170510763780053,0.08892413633633739,1,0,0.31578205602586495
2024-07-18,0.18847718778785685,0.13436735458932464,0.09395731398551815,1,0,0.40223847576262123
2024-07-19,0.198841643135432,0.14260258927220315,0.09677146271877618,1,0,0.46002098679133746
2024-07-22,0.18507584448703027,0.1260427390407582,0.10267218912161755,1,0,0.3624482290133385
2024-07-23,0.18822652835174808,0.11647638187161316,0.10193366412798995,1,0,0.32958987151601177
2024-07-24,0.14848475010976753,0.1941651771225243,0.13192392724088356,0,1,0.7533662932608516
2024-07-25,0.17585284840099705,0.18719055347888136,0.13289304575756392,0,1,0.6987638191481301
2024-07-26,0.20609319244991525,0.16156034732962168,0.13920604162081898,1,1,0.5577381758496879
2024-07-29,0.2940828228147646,0.14126021381035483,0.13850764785970315,1,0,0.4657343144876432
2024-07-30,0.29904695786760016,0.1584050823835647,0.13944932534953577,1,1,0.5582112590402543
2024-07-31,0.28034393054106943,0.15401772123214852,0.14938392221774058,1,0,0.45798133812572506
2024-08-01,0.3076771130681359,0.1558667672892375,0.1568420871296445,1,1,0.5289926927099079
2024-08-02,0.27899664196343693,0.19890196717106895,0.16716284905641196,1,1,0.7557662649514478
2024-08-05,0.18391660837845425,0.2729877423729036,0.19302333771315303,1,1,0.9530866246918082
2024-08-06,0.20734246963516592,0.25118810125700025,0.19770480166504584,1,1,0.9086708243126095
2024-08-07,0.2030377645911172,0.22772765571584883,0.19194829843990444,1,1,0.8958408559994088
2024-08-08,0.17162945148908698,0.23692389723436952,0.21312467731475712,0,1,0.8704412821881876
2024-08-09,0.16951031795096658,0.1938777567412101,0.21221023832256894,0,1,0.7300369369185336
2024-08-12,0.18243815184551576,0.16443704610483842,0.21163168945377014,1,1,0.5635198553950014
2024-08-13,0.14144570757469338,0.1393081261515948,0.22021296310315386,0,0,0.391339549962001
2024-08-14,0.14177421361746725,0.12133039246802177,0.21616581403409732,0,0,0.3126033421660767
2024-08-15,0.0931245304706899,0.11532040010634291,0.2239409945964653,0,0,0.2713145846032231
2024-08-16,0.11853013989599871,0.11234138837453687,0.22263429258276965,0,0,0.2682180802837248
2024-08-19,0.09885667076741608,0.10386594854524168,0.22221791013680664,0,0,0.20663595292315629
2024-08-20,0.09866147560170246,0.10257303062813133,0.22222496344172152,0,0,0.2205373623515223
2024-08-21,0.10416016929266349,0.1132141219249266,0.2044520918272923,0,0,0.2399301665202142
2024-08-22,0.08786796152185543,0.12960016881577646,0.2058674642888414,0,0,0.3573487374637469
2024-08-23,0.08148781095896086,0.1313410924687959,0.20552893604609812,0,0,0.32651536786072377
2024-08-26,0.1677642680659574,0.12152199087631885,0.2059936561407677,0,0,0.31443499966898303
2024-08-27,0.16811172567630653,0.12588804765736095,0.20454930930384455,0,0,0.3150734197737445
2024-08-28,0.16386585626642378,0.13277200793346908,0.19888280172727935,0,0,0.36556306316082304
2024-08-29,0.2033994840534013,0.13071888592013176,0.1909526932084057,1,0,0.3364170964810142
2024-08-30,0.2075320440043579,0.12242745675973184,0.1771979471829245,1,0,0.28816638567297886
2024-09-03,0.1490971817668501,0.17091792501978675,0.15761980396702213,0,1,0.602277969033087
2024-09-04,0.16513322433720987,0.17401864099444114,0.15705300983445744,0,1,0.5824532904226398
2024-09-05,0.17468844650721319,0.16240955341084318,0.15437476155349958,0,1,0.5419496150513091
2024-09-06,0.13177215574070966,0.20172935547425197,0.15078076500208581,0,1,0.7784697346188989
2024-09-09,0.10595292954358344,0.18036460591189085,0.1546938245601511,0,1,0.6444951740921406
2024-09-10,0.10140185005828385,0.15630432312955309,0.15505277642743368,0,1,0.5149968377305797
2024-09-11,0.07400196803560671,0.15873349061032418,0.14866629677050414,0,1,0.5082821734609771
2024-09-12,0.1279050897740241,0.12845178273178623,0.15075850187928871,0,0,0.3240431133531007
2024-09-13,0.12305678514569406,0.10254029240010033,0.1400002469085421,0,0,0.17198086223364373
2024-09-16,0.12388337903585696,0.09040417646754706,0.13992246139017353,0,0,0.1384706629348415
2024-09-17,0.12549951737133663,0.10347675277369768,0.1360476429500342,0,0,0.1788536765380248
2024-09-18,0.12470462597696354,0.1154609668432946,0.13638407330464952,0,0,0.235368267903801
2024-09-19,0.04371475507410226,0.12441129985236646,0.1484411971163409,0,0,0.27162181803784996
2024-09-20,0.04320090117693101,0.12074390881014666,0.14517801182643406,0,0,0.28448346099939137
2024-09-23,0.04856463133397242,0.10895498504847359,0.1410545304001003,0,0,0.20857504055123552
2024-09-24,0.07764311529034883,0.10303979506922563,0.1407014606790237,0,0,0.18906314740972083
2024-09-25,0.07610346213018854,0.09766087264452729,0.1411764569344101,0,0,0.17100553254863976
2024-09-26,0.07191257047149387,0.0995086432084,0.1392527908391975,0,0,0.16881875555383882
2024-09-27,0.09586410245522665,0.1021400676627911,0.13955095026862294,0,0,0.1821267309617628
2024-09-30,0.11198512831458236,0.10947211826122161,0.13660573854188435,0,0,0.20326573938273967
2024-10-01,0.11368939964122354,0.12787721106540847,0.11654647980397999,0,0,0.31298902968157627
2024-10-02,0.12376392980459354,0.11335580924293683,0.11584008653903444,0,0,0.2263144795336209
2024-10-03,0.12370667308441068,0.11040794373224856,0.11556951451709885,0,0,0.22579108883247637
2024-10-04,0.11390865485518276,0.10326434653934916,0.09455806499753161,0,0,0.2056549334618692
2024-10-07,0.11028096781534684,0.11563267771503641,0.0988621152811449,0,0,0.29326920539099466
2024-10-08,0.10374185241872953,0.10748638882208458,0.10199390014318031,0,0,0.21450118851647618
2024-10-09,0.09648451035102107,0.08683641167676742,0.09924511349545964,0,0,0.1591950681697968
2024-10-10,0.09568188787950344,0.09070738022131739,0.09731518170993736,0,0,0.17297707963196862
2024-10-11,0.090007516784527,0.08779320075062866,0.09772069452347609,0,0,0.15346187998923264
2024-10-14,0.06995669581241183,0.0788513319278919,0.1003566168703596,0,0,0.10569040836000894
2024-10-15,0.04291504220984099,0.09626397542423128,0.10617258056654541,0,0,0.18446299960595466
2024-10-16,0.07169693169543404,0.09125022006842608,0.1051503651417505,0,0,0.15015209909405808
2024-10-17,0.07331662195856113,0.08754327687705285,0.08919678940287247,0,0,0.1542666680237909
2024-10-18,0.06810642655647409,0.08578161215522076,0.08901139693366858,0,0,0.1432348564063247
2024-10-21,0.07058692309762464,0.09119013155224329,0.08955739332256218,0,0,0.15681410463039927
2024-10-22,0.07141486814023659,0.09618655129936989,0.08953872468475467,0,0,0.1434253016091449
2024-10-23,0.03627525988211866,0.11585687884251898,0.09607503843326795,0,0,0.2531479746175879
2024-10-24,0.14434417624952534,0.10733337152991791,0.09547524226932397,0,0,0.20728185226809254
2024-10-25,0.1473880776029816,0.11075231190661389,0.09524006892087272,0,0,0.22867040749277778
2024-10-28,0.14655164085362715,0.09626712493199899,0.09486978237983534,0,0,0.17125197880265847
2024-10-29,0.16919342334723486,0.10069704532662577,0.08782789343812406,0,0,0.19374636828100683
2024-10-30,0.24200850295645654,0.10217516296372348,0.08904996575889307,1,0,0.16762091861062364
2024-10-31,0.20445953868396183,0.1574672158321312,0.11546665573166107,1,1,0.5385197714022624
2024-11-01,0.20457600205690657,0.14489694722535088,0.11169657826750296,1,0,0.44016768834106285
2024-11-04,0.20411451886554743,0.12762427771078486,0.1069730147908029,1,0,0.3831160537149348
2024-11-05,0.18673462463770382,0.12574937730477048,0.1103052904009441,1,0,0.3607650517270544
2024-11-06,0.06691309190430884,0.1433102887060631,0.1385132044248655,0,0,0.42302190776908505
2024-11-07,0.059871894814711,0.10195514108726428,0.13990864339912654,0,0,0.19323529072871767
2024-11-08,0.10497002456491707,0.09008398629005376,0.13935688212146674,0,0,0.14272768218456078
2024-11-11,0.10869978370261524,0.0815982895861316,0.1371848187889417,0,0,0.1151172548767929
2024-11-12,0.10953881869844341,0.09154142931810735,0.13406980825017992,0,0,0.15299058749713926
2024-11-13,0.10951092725658983,0.10547471729520515,0.1336680977308537,0,0,0.19011599134953502
2024-11-14,0.10648873718056932,0.12077544582124042,0.13641701808493903,0,0,0.2691746086546137
2024-11-15,0.05870909406700511,0.17317302165105164,0.14438788640497474,0,1,0.5901262267057612
2024-11-18,0.05640976937819741,0.14602271034987802,0.14490313195605958,0,0,0.41316538402130415
2024-11-19,0.06227407846963774,0.13930921557479986,0.1453113875339607,0,0,0.3926603634860807
2024-11-20,0.06585152539792405,0.1342887841572625,0.14067368257846158,0,0,0.3645309224039155
2024-11-21,0.06945924902838976,0.12347710196828388,0.14145633942561875,0,0,0.2899223230276235
2024-11-22,0.06710884691453681,0.10007368271732875,0.14147510386874412,0,0,0.17214470622745165
2024-11-25,0.06274133721485758,0.09020084126658628,0.14152641888644552,0,0,0.13958005042333707
2024-11-26,0.06708789800091752,0.08849685277636285,0.14216620219024387,0,0,0.13416150197674143
2024-11-27,0.0646014706828903,0.08465944739763932,0.1421683155416069,0,0,0.12941157427768976
2024-11-29,0.04920662274168645,0.08190841281663533,0.11820810381263797,0,0,0.11023658947034101
2024-12-02,0.0600265719691011,0.07968957358937076,0.11816310358179542,0,0,0.1110432334310975
2024-12-03,0.06388266577992814,0.07930427259481185,0.11707387398835356,0,0,0.10868973224341334
2024-12-04,0.07168396071782562,0.08677530261443404,0.11280662994058062,0,0,0.12704767705988368
2024-12-05,0.07966748443771213,0.07795051007244821,0.0782457681866277,0,0,0.1075007868096393
2024-12-06,0.07853736076632618,0.08021486058692348,0.07457659157449337,0,0,0.10435799560164995
2024-12-09,0.07576010211564714,0.09041474373118571,0.07656924066294042,0,0,0.1529510656480467
2024-12-10,0.0781669929810467,0.098516284963343,0.07763142206391185,0,0,0.1805602622917405
2024-12-11,0.2219470140792352,0.08662209507830473,0.08068977366517154,1,0,0.14318418807267885
2024-12-12,0.21890681735780673,0.09390827629437604,0.08349813655124975,1,0,0.1834185322476944
2024-12-13,0.23473922136029077,0.09944261196786376,0.07934740965452382,1,0,0.19558066676256872
2024-12-16,0.23660979247415445,0.09453751562325169,0.06103241224088898,1,0,0.20230871323181213
2024-12-17,0.24755428404301552,0.10276672542548772,0.06378978207512565,1,0,0.2439025788417509
2024-12-18,0.1230610714669429,0.20574822213505728,0.12841159330395777,0,1,0.807696198590009
2024-12-19,0.14416452830249246,0.20370839786583023,0.12838665772364827,0,1,0.7717291589163955
2024-12-20,0.14226071697818513,0.18541143304401184,0.1342763101612193,0,1,0.7057376104845796
2024-12-23,0.13824218802558697,0.15367665125801563,0.13555021572335044,0,1,0.5372559046208294
2024-12-24,0.1151426405860383,0.14086236541126607,0.14065263789693971,0,0,0.42123334669421586
2024-12-26,0.1450495113292511,0.1217438285933434,0.1395412295546124,0,0,0.265107549970275
2024-12-27,0.13060685799863023,0.1290480250373113,0.14436848008724995,0,0,0.31936757979303054
2024-12-30,0.13012602839016768,0.1484254600190477,0.1476564542370728,0,0,0.4449541660687787
2024-12-31,0.1279479760721079,0.15720127581343668,0.14753705705116335,0,1,0.5048252805678285
2025-01-02,0.16731875166891624,0.15529229900702307,0.14743655760708535,0,1,0.5091443227633886
2025-01-03,0.142600076831111,0.15098495025151729,0.153270171094852,0,0,0.46806004383081906
2025-01-06,0.13699328651457593,0.13515848933191127,0.15518049149034954,0,0,0.37758618763182245
2025-01-07,0.1692080897672353,0.14634366329414406,0.15924590156771276,0,0,0.4456019648752055
2025-01-08,0.1694424341683669,0.136298937408571,0.1589245353768065,0,0,0.3599936865967777
2025-01-10,0.14768352536036433,0.15958714936929383,0.16675909484260779,0,1,0.5420212659307122
2025-01-13,0.1608540916040535,0.1538266132701277,0.1635496573772344,0,0,0.49198455666736585
2025-01-14,0.16541612886884016,0.1498546560305138,0.1635317707475771,0,0,0.49408442965266647
2025-01-15,0.11170492709117297,0.14684186408536057,0.17791228620461924,0,0,0.426759302482853
2025-01-16,0.11279201156093381,0.1272546189667038,0.17693681414294515,0,0,0.3468965634272824
2025-01-17,0.13387104550692694,0.12193294415246977,0.18078293742909135,0,0,0.27224267652835504
2025-01-21,0.1320081851527951,0.09190995866062909,0.14498801499071992,0,0,0.1515766963427826
2025-01-22,0.1298456608174684,0.08641409691946278,0.14548660828945945,0,0,0.1304510882601282
2025-01-23,0.1296557157456853,0.08058036493272791,0.14129268773565218,0,0,0.11474687859355379
2025-01-24,0.1334722740406362,0.08855077513959055,0.14112819469660415,0,0,0.13634752204525438
2025-01-27,0.09941762297573524,0.14371373502467197,0.14596252888201122,0,0,0.40889422788137564
2025-01-28,0.09191061541812082,0.12779626876219036,0.14921217612456064,0,0,0.2959308296179204
2025-01-29,0.09085797070315466,0.12325574862949425,0.1448431943455244,0,0,0.31196311193596543
2025-01-30,0.08612712763446997,0.1268308688773566,0.1384592613069119,0,0,0.3099322011935377
2025-01-31,0.10121550322825223,0.14774508316411533,0.13940508196685344,0,0,0.44877842865414447
2025-02-03,0.10126855196400748,0.15103155058514836,0.14176358076063217,0,0,0.445168729471069
2025-02-04,0.08961841420101548,0.11645912179570124,0.1370737181236395,0,0,0.25305039656628425
2025-02-05,0.0879266484609188,0.10672983438659706,0.13639612901782652,0,0,0.21604896232543608
2025-02-06,0.11262029658879737,0.10353603605182038,0.12889045731469276,0,0,0.19942277475141176
2025-02-07,0.09176989021237923,0.12685780729199425,0.13434717520895864,0,0,0.317887366502356
2025-02-10,0.08090801629477619,0.10466021378442328,0.1209747710392279,0,0,0.18985805758868174
2025-02-11,0.08243676612836709,0.0951132070168394,0.12105095035680408,0,0,0.17217545733787012
2025-02-12,0.08454010239350919,0.11307727571076667,0.12246788535085264,0,0,0.24279110971146095
2025-02-13,0.12879607519063588,0.10581837323062228,0.11167012052018552,0,0,0.20900257752411291
2025-02-14,0.13280329520287004,0.08996000870252877,0.11112440190460432,0,0,0.14710098996253848
2025-02-18,0.13585431502562745,0.08646565888325397,0.10671218381771407,0,0,0.1310225757086888
2025-02-19,0.13487174545075092,0.08731603703522398,0.10264337406482366,0,0,0.13497416604700685
2025-02-20,0.17425074437462654,0.09431041030554327,0.10245346364313408,0,0,0.16016880026553482
2025-02-21,0.1656750662658787,0.15119671045602381,0.11791759939082329,0,0,0.480136952481064
2025-02-24,0.20529424681283676,0.1527659834411352,0.11844868255349053,1,0,0.4741899530396826
2025-02-25,0.2191778259275506,0.15494030300546377,0.10876759816788746,1,1,0.5165233178180106
2025-02-26,0.23191811631616926,0.14624361863419583,0.10357667472774043,1,0,0.46287376795217294
2025-02-27,0.2385475270252074,0.18390039210606754,0.11640028610752076,1,1,0.7105354977388644
2025-02-28,0.21539288960794356,0.1820775843391278,0.12907688000227135,1,1,0.6531462935522322
2025-03-03,0.2595785268733626,0.17971552729060214,0.1415254974894679,1,1,0.7052166661394874
2025-03-04,0.25248158407689203,0.21105519109107646,0.14518758727430586,1,1,0.81648003035702
2025-03-05,0.24371854717422722,0.18596024924387078,0.14893216591634995,1,1,0.6997520725810906
2025-03-06,0.22870922702925836,0.19979084658015442,0.15804535922751936,1,1,0.7937474684204275
2025-03-07,0.26795758014792287,0.19677809760411594,0.15931283919751413,1,1,0.7542897919619185
2025-03-10,0.19504468535766625,0.2426578063894988,0.18028028078838715,1,1,0.9186899513501974
2025-03-11,0.20120277039782813,0.2427703765305437,0.17685572877890846,1,1,0.9069278258251775
2025-03-12,0.2120951533442283,0.21668058549997704,0.17926304469957705,1,1,0.8552785909064857
2025-03-13,0.1906044187805818,0.2254153898254675,0.18231217669034885,1,1,0.8906356720553361
2025-03-14,0.12356253109892733,0.21867606264769215,0.1960626353009179,0,1,0.8361548658180529
2025-03-17,0.16784726327094945,0.17923349345783549,0.20001142514162876,0,1,0.6897389478528548
2025-03-18,0.15003734378245914,0.18107991028161435,0.20001667006751583,0,1,0.6970174242285843
2025-03-19,0.1544914318274223,0.1735886472227727,0.20593838846052812,0,1,0.6180739564612404
2025-03-20,0.1542767794015395,0.15636002757085996,0.20596453055752922,0,1,0.5530259532144443
2025-03-21,0.21131735834367676,0.1603327101905718,0.20012914264342868,1,1,0.5906857231725826
2025-03-24,0.1761587794632289,0.15146344031631928,0.2129895214145309,0,1,0.5050366784289362
2025-03-25,0.17647187419973961,0.1264784118619508,0.21314945901881116,0,0,0.3829255441489643
2025-03-26,0.16086694122395226,0.15155670420414852,0.21622996954378998,0,1,0.5324312029293593
2025-03-27,0.3927345209087733,0.1590417188053231,0.20985029643360822,1,1,0.553434173684003
2025-03-28,0.5628515317974124,0.20047856893471822,0.2101309183327722,1,1,0.7928731729800146
2025-03-31,0.5609867747192683,0.20808002074450468,0.20562165239297836,1,1,0.8175578381808977
2025-04-01,0.5717217863079911,0.18495954850377,0.20282025704475626,1,1,0.7451594082696589
2025-04-02,0.9096585819009584,0.18477521822392895,0.19997625601627744,1,1,0.72151870208746
2025-04-03,0.8944001351752198,0.3904306866092403,0.2600671227732075,1,1,0.892176209189197
2025-04-04,0.7951697069915332,0.5394164981778335,0.3274034198651968,1,1,0.9953112937533863
2025-04-07,0.7980178878441688,0.45348751400262244,0.31846917674590247,1,1,0.9992227057486575
2025-04-08,0.7903596751077052,0.4232506519141934,0.3205533529131755,1,1,0.9990821413340936
2025-04-09,0.38407876865611207,0.6110096987289834,0.4924703794307125,1,1,0.9949264087977351
2025-04-10,0.21547032825894682,0.5895788363436706,0.5152366645126488,1,1,0.996713957318101
2025-04-11,0.2447726235278964,0.4825682612047104,0.51370841592765,1,1,0.9980684172336703
2025-04-14,0.29743269554170226,0.3911240516575285,0.514273613160496,1,1,0.9882816591774699
2025-04-15,0.3162059509669665,0.37192136769952133,0.5133051024752269,1,1,0.9817387617382028
2025-04-16,0.3104651339771407,0.35277881662625227,0.5158890131232997,1,1,0.9965401624679269
2025-04-17,0.3144810418180532,0.37293030635977475,0.5162003886074881,1,1,0.9983334602730695
2025-04-21,0.2639234474503164,0.3578191405055816,0.5210960771537466,1,1,0.998475133274172
2025-04-22,0.1959401002823007,0.3649837180466541,0.5263553052832787,1,1,0.997635813943566
2025-04-23,0.16273905637409464,0.32823055894970055,0.5305300505936498,0,1,0.9947608024229608
2025-04-24,0.0844296053564995,0.2858302020421542,0.5364047817484598,0,1,0.983709545062314
2025-04-25,0.12433399755767924,0.24957340012590118,0.5373758772331018,0,1,0.963319751247359
2025-04-28,0.13083749372685122,0.21420428030385447,0.5327375805909669,0,1,0.9432702105161253
2025-04-29,0.13668116686303317,0.18915295885107997,0.5326667119817253,0,1,0.9153116285376866
2025-04-30,0.1398622972208993,0.2016695044680598,0.5325384841292754,0,1,0.939463912779933
2025-05-01,0.1395632339866512,0.1881210718265321,0.5326743907286924,0,1,0.9367465064641632
2025-05-02,0.09282813680993239,0.1854286377883389,0.5008551245937845,0,1,0.9063073620145357
2025-05-05,0.24541427734090104,0.1939172577991731,0.44396617892718965,1,1,0.8982519338642599
2025-05-06,0.24261296334904905,0.21265586420329363,0.4460106963172112,1,1,0.9245907790999465
2025-05-07,0.24094731739185596,0.2070674317460105,0.43917334073914294,1,1,0.9085185918825907
2025-05-08,0.2383738701459867,0.20707538379333668,0.2657236838951865,1,1,0.8337751423025433
2025-05-09,0.24238296240391527,0.19871578091359288,0.20258267084759476,1,1,0.795269903522827
2025-05-12,0.07437622610171095,0.2134527935689228,0.22210192971785736,0,1,0.7746255822843758
2025-05-13,0.06260942321453634,0.16920103181511884,0.22140345430873504,0,1,0.5894946743866877
2025-05-14,0.13562323657392258,0.1677119699443674,0.2201512181984745,0,1,0.5439583664932192
2025-05-15,0.13116802357029803,0.16493127560314813,0.19585386156409001,0,1,0.5114333079474622
2025-05-16,0.13251400669150884,0.15445104548349622,0.19516917526430702,0,0,0.44457982726050194
2025-05-19,0.19707950405860306,0.14477793931193148,0.16106740792320398,1,0,0.4181373140683309
2025-05-20,0.19991338243372353,0.1660012423960189,0.14973810226986778,1,1,0.5345439403104387
2025-05-21,0.16183841941827617,0.2161340192056938,0.16569825877244918,0,1,0.815855160870238
2025-05-22,0.1620091141692876,0.20498819931879236,0.15403583421054423,0,1,0.7596828880079195
2025-05-23,0.15960263354093635,0.20711584053612325,0.1572639545649436,0,1,0.7981366340533785
2025-05-27,0.07590811277306073,0.1987592004182035,0.16948496385454093,0,1,0.724933260980327
2025-05-28,0.06378845784702555,0.1870168636275935,0.17228835857089397,0,1,0.7073170324307124
2025-05-29,0.0668546277810438,0.18070073546564666,0.1720573346651193,0,1,0.6225089835142911
2025-05-30,0.0983218152757237,0.1725159305799173,0.17201158314971796,0,1,0.5971363219390547
2025-06-02,0.09009887927709831,0.14585060819342252,0.16650325242825675,0,0,0.41519226675450954
2025-06-03,0.08999525244861534,0.13054886065180452,0.16415749411372552,0,0,0.3483376558986035
2025-06-04,0.0922315088418416,0.13195654256431277,0.15926326282212308,0,0,0.34443813661195627
2025-06-05,0.09009288106233287,0.15493260993286898,0.16173955409004118,0,0,0.48671301904592296
2025-06-06,0.09605689569617334,0.1315762549750562,0.16327125908530926,0,0,0.326400654903099
2025-06-09,0.11706936143491753,0.11091144370362693,0.16271006530377383,0,0,0.24690275283181662
2025-06-10,0.12572173188986066,0.11959002499020835,0.12067875487313484,0,0,0.26211742905995206
2025-06-11,0.12408044604500237,0.1260819059262663,0.12025794567241116,0,0,0.3062422003717275
2025-06-12,0.12199047136804235,0.11383964634805899,0.12065250257616017,0,0,0.22288255858461736
2025-06-13,0.11567126264347657,0.1434176884158307,0.1277748267003067,0,0,0.4209182856433661
2025-06-16,0.12224642624238181,0.13880056650958117,0.13013149848617311,0,0,0.36180416558142947
2025-06-17,0.10605792525227148,0.1435655694112399,0.13421952528975387,0,0,0.4401756215339386
2025-06-18,0.11961712442489968,0.1462976752742009,0.13356157929363932,0,0,0.4270547854556611
2025-06-20,0.12356197455759921,0.1514126680968109,0.11742880842958568,0,0,0.48552114826090226
2025-06-23,0.1074480196936306,0.13644221020258535,0.12136739565642651,0,0,0.3618184164897244
2025-06-24,0.0739377635624892,0.10373701797000193,0.12143246140582399,0,0,0.21220823721888502
2025-06-25,0.08051114060241275,0.09832129793199157,0.10092494964987683,0,0,0.18156400200696368
2025-06-26,0.08079045281689007,0.09747267907484883,0.0994405464736734,0,0,0.16422624903805638
2025-06-27,0.09004983259887095,0.09142343841413893,0.09974673938457503,0,0,0.13624369574762177
2025-06-30,0.08353118084019852,0.09069356963817773,0.09932856476857499,0,0,0.13351518073532406
2025-07-01,0.09366828509365017,0.08501706423991033,0.09909838437835886,0,0,0.11886289507916623
2025-07-02,0.09023538770906157,0.08523619666449314,0.09864185896853545,0,0,0.11159449831080459
2025-07-03,0.07524159030433768,0.06902139189284558,0.10019906690482569,0,0,0.08113877943767876
2025-07-07,0.05499686387527865,0.09829515283893554,0.10317329491247125,0,0,0.18658465601116983
2025-07-08,0.06272031820229473,0.09807345516712426,0.09939688694864043,0,0,0.17489590767893004
2025-07-09,0.05190121610469634,0.09247389371675403,0.10035889581816645,0,0,0.1576896078866076
2025-07-10,0.06457539496642402,0.08041770814057164,0.09954343156282637,0,0,0.1267690165620637
2025-07-11,0.0597660412234885,0.09512100063476985,0.10000081868096511,0,0,0.1695845043420364
2025-07-14,0.059746778773351536,0.09108458641657675,0.09972094271885608,0,0,0.13395407723839883
2025-07-15,0.051443131462743534,0.10098906823022374,0.09019430311671024,0,0,0.18312264068316197
2025-07-16,0.07551121945927639,0.10768058984996884,0.08618595569840912,0,0,0.19509240980093198
2025-07-17,0.061898894770421285,0.08881474260281144,0.07785003957933613,0,0,0.14794610084730417
2025-07-18,0.06855710553737125,0.08679728463689784,0.07815315630236085,0,0,0.136791354864243
2025-07-21,0.06724872783205492,0.0831312507169453,0.07600309177133006,0,0,0.12350830133187511
2025-07-22,0.06980640310955898,0.080596320559266,0.07181868414064684,0,0,0.10514591449219372
2025-07-23,0.0365507034081141,0.07737024026522045,0.0682679805089142,0,0,0.11162859859210011
2025-07-24,0.04519132087974785,0.07630265098265943,0.06834629634687456,0,0,0.11322547100426911
2025-07-25,0.1221139895761257,0.06936320384992449,0.06558648522295102,0,0,0.09015105773863925
2025-07-28,0.1624135117537398,0.06523562477573408,0.06509786080541008,0,0,0.0883059019966342
2025-07-29,0.16531398664067065,0.07419960341203036,0.06586399742968282,0,0,0.11392634796426415
2025-07-30,0.17373327388897855,0.09799235634050027,0.06626970069897473,0,0,0.15647842334720724
2025-07-31,0.17177549270166265,0.11535507633423545,0.06750638623742197,0,0,0.2359523707927534
2025-08-01,0.1370487756514055,0.15612282689310786,0.08699703340267417,0,1,0.5373585567657319
2025-08-04,0.08666236971533266,0.13145498925504542,0.0983910715011502,0,0,0.38949062400016626
2025-08-05,0.1089049477170377,0.11968541803230029,0.10053187266505276,0,0,0.3705936354497569
2025-08-06,0.09754133553083823,0.11591882942271813,0.10186375542771306,0,0,0.3164005160444858
2025-08-07,0.09736198025734907,0.10997458152466151,0.10167959913774823,0,0,0.30080188797196156
2025-08-08,0.08194810506356615,0.09676307579766016,0.10361896613704212,0,0,0.17302113745305253
2025-08-11,0.08074886794647357,0.0867768920144282,0.10412259818682455,0,0,0.14520142172917277
2025-08-12,0.04857796755291082,0.09345551222095708,0.10766298220335564,0,0,0.14664705140386197
2025-08-13,0.046130229753776494,0.08028383790229196,0.10768016639898337,0,0,0.12048579658764824
2025-08-14,0.05424018811326622,0.08491637678397973,0.10647584954343751,0,0,0.12622991040347656
2025-08-15,0.1198793124534683,0.09254738758683764,0.10704168332884138,0,0,0.15233185063741275
2025-08-18,0.12389194916640098,0.08693651833061783,0.10713499369411632,0,0,0.13113968170969986
2025-08-19,0.12139859552451025,0.10454431953885573,0.1096295183240479,0,0,0.1898278189727356
2025-08-20,0.12100377742500007,0.12236151630568116,0.10645830022680965,0,0,0.2532501665227604
2025-08-21,0.12023856809886938,0.11477392289515631,0.10755958840838421,0,0,0.22605969144376184
2025-08-22,0.0674876645046242,0.11730570109649936,0.1196129554822409,0,0,0.25748542348181086
2025-08-25,0.0797640851994263,0.10006068723123747,0.12092820456096202,0,0,0.21117367046644497
2025-08-26,0.08339543307496702,0.10020513411467247,0.12105220758688015,0,0,0.18315657309030225
2025-08-27,0.10091932588461147,0.08738276492967084,0.12091509136008553,0,0,0.14524653789728137
2025-08-28,0.09989422427352693,0.08502144594672122,0.11991588862362243,0,0,0.13162412511329663
2025-08-29,0.0920815696564586,0.10310628845676278,0.10387712246746153,0,0,0.19599598852888644
2025-09-02,0.0771977672067615,0.12781733313573929,0.09628068936059225,0,0,0.31291486941722546
2025-09-03,0.07005067573001043,0.11262209005503167,0.09509314730770259,0,0,0.2384076298582557
2025-09-04,0.0697716150512292,0.09751515819544063,0.09573948082065904,0,0,0.19247700095346656
2025-09-05,0.06670637775772091,0.11170375354025724,0.09661897207028776,0,0,0.26012938346633185
2025-09-08,0.07461404120261837,0.0990891061852525,0.09360174250571747,0,0,0.1843549160437657
2025-09-09,0.07344507307562524,0.09032483256697994,0.09308479027272923,0,0,0.1373887687495071
2025-09-10,0.07107785028606733,0.08908523144610819,0.08647251629150365,0,0,0.13609210151888407
2025-09-11,0.0519164964362649,0.0836439426595969,0.09011440839314869,0,0,0.12097059374395142
2025-09-12,0.06260906981978995,0.08611363783152327,0.09018285819671208,0,0,0.12317170437610894
2025-09-15,0.06018121150917782,0.07751880302044584,0.09055888266563691,0,0,0.09806347805911812
2025-09-16,0.070906557943158,0.07435768865093877,0.09091639840850774,0,0,0.10048839782335071
2025-09-17,0.0739032533509428,0.10022562287852368,0.08797411311387364,0,0,0.17533271972179204
2025-09-18,0.07378420805238707,0.0934228178205389,0.08722709174648914,0,0,0.14272547619452872
2025-09-19,0.07654205826454064,0.0919625189369499,0.08498976697602123,0,0,0.1419939482473252
2025-09-22,0.07164412217409004,0.0728882417713748,0.07076844513566365,0,0,0.0976086836669813
2025-09-23,0.06590660941350504,0.0879136771523889,0.07206956089991645,0,0,0.15631436236867838
2025-09-24,0.0664458951283277,0.08622406556010742,0.07347510026118578,0,0,0.14926335623802736
2025-09-25,0.0583455343885587,0.10368958133417908,0.07635837647333146,0,0,0.2202202480259989
2025-09-26,0.041945437114618345,0.08918634073924638,0.07769164844509274,0,0,0.16212096643065627
2025-09-29,0.04481451163123551,0.0866993156183054,0.07316425824046723,0,0,0.16038711260126487
2025-09-30,0.04462348720645358,0.09037482612353309,0.06526564985763161,0,0,0.16622956438231856
2025-10-01,0.05647609487675119,0.07381176757369881,0.06430946427418768,0,0,0.1097249001573273
2025-10-02,0.059556437677106014,0.06544517342084069,0.059875709068197926,0,0,0.06731174360740085
2025-10-03,0.2034325433856804,0.07238845856938388,0.057798794038996404,1,0,0.07930889875547525
2025-10-06,0.228966434188139,0.06368177462192598,0.05810325794642423,1,0,0.06552943513225531
2025-10-07,0.22760839054758744,0.07635345276283513,0.06133510034703729,1,0,0.10849764673752735
2025-10-08,0.22586067868172227,0.06954504943403561,0.06314507403766328,1,0,0.09478792698305906
2025-10-09,0.2300919459101041,0.0724522787637556,0.0601357811130986,1,0,0.11865524489303973
2025-10-10,0.12930253458942173,0.18586890297044956,0.11796949743140782,0,1,0.7267303879891314
2025-10-13,0.10211779956815223,0.16402255299786017,0.128859694943039,0,1,0.544253878995451
2025-10-14,0.10174844617680394,0.1468627350676109,0.12883404084490666,0,1,0.5044531457329274
2025-10-15,0.1036009045399227,0.14333649027796966,0.12950065478075784,0,0,0.45439398363625283
2025-10-16,0.10070510001511056,0.15886989379367966,0.13112602052429256,0,1,0.5633439089207049
2025-10-17,0.10893014413184317,0.14017459690753445,0.13150878570473568,0,0,0.3616010009083781
2025-10-20,0.11577218081180377,0.10069476086526956,0.1356106238500166,0,0,0.18533087473993626
2025-10-21,0.11729349273016214,0.10299178175963916,0.1338928597026807,0,0,0.19552324879946886
2025-10-22,0.11135541414929125,0.11965761214405561,0.1348435375442775,0,0,0.26869317341579685
2025-10-23,0.12962335271215564,0.10922205314831404,0.1347155908536718,0,0,0.2010195663713372
2025-10-24,0.11833750233037331,0.0961492886769471,0.1361023431015398,0,0,0.1645475150721846
2025-10-27,0.08513462386565894,0.08955227013874383,0.1411323852805389,0,0,0.14638105745018745
2025-10-28,0.11857370079179005,0.08824956596946183,0.14096210279599655,0,0,0.1429966443737034
2025-10-29,0.12104235282767957,0.09367305553761562,0.14083258838777538,0,0,0.14677655427245834
2025-10-30,0.11980029344592333,0.11024466715270768,0.1476210157292348,0,0,0.22937561731095593
2025-10-31,0.11773030634094393,0.11701810620552404,0.147845830881191,0,0,0.24597296526304768
2025-11-03,0.16051996465402846,0.10344464098140616,0.14756735597879297,0,0,0.20424027553950988
2025-11-04,0.13734545221480166,0.13803921388198184,0.15369733447167605,0,0,0.3936073113703096
2025-11-05,0.13518953138788525,0.1376835083321596,0.1527700995293142,0,0,0.36688466679164383
2025-11-06,0.16285946681325675,0.14647967401882697,0.15747522576289458,0,0,0.4503448335118011
2025-11-07,0.16271370313670858,0.15150785911469178,0.11986409417063926,0,0,0.4658588991835307
2025-11-10,0.13714242210448876,0.12751057192101903,0.1202602739512181,0,0,0.34390046956465764
2025-11-11,0.14875740521678008,0.10554592898561985,0.11990204858787457,0,0,0.2300377819822153
2025-11-12,0.15120346882809782,0.10329573761585384,0.11945315190642226,0,0,0.2111178889624878
2025-11-13,0.14366913398265269,0.1553167387719941,0.13286461480434675,0,1,0.5012503032385452
2025-11-14,0.15997189807047058,0.149346663804419,0.13167423959806587,0,0,0.4451850921151195
2025-11-17,0.17870437603955128,0.1528986124893925,0.13083442116336072,1,1,0.504586430183452
2025-11-18,0.18102021308194838,0.18364056568150006,0.13386498361258134,1,1,0.6771920562046978
2025-11-19,0.18548465818461432,0.169076389775735,0.1338083490423308,1,1,0.5952680280593242
2025-11-20,0.15494462783369495,0.1994055606862588,0.1416004369123461,0,1,0.7738815908187832
2025-11-21,0.14181561813615207,0.17714685080332152,0.14332218133687571,0,1,0.6337655133937188
2025-11-24,0.0975926585274287,0.14242786077811173,0.1471294982741206,0,0,0.4323818426035477
2025-11-25,0.0755597394830913,0.12077965148164399,0.15133870778944544,0,0,0.2942605563234353
2025-11-26,0.05788470196152499,0.1062869277496643,0.15378888613497868,0,0,0.2160385176686951
2025-11-28,0.04515124423485484,0.08541054998166257,0.14996072513250766,0,0,0.12272636559691676
2025-12-01,0.03794084289950877,0.08873858179170685,0.15045671616339418,0,0,0.1446203717131365
2025-12-02,0.03611734770596951,0.09702024887397032,0.15045243822761822,0,0,0.16568059387172943
2025-12-03,0.05389312125671339,0.09725631314521119,0.14424196441269446,0,0,0.16837092389562258
2025-12-04,0.05612337410636795,0.10124181382430739,0.14385837042601368,0,0,0.18454308942458114
2025-12-05,0.09411811531456496,0.10751697136180766,0.1375668724092428,0,0,0.20157912211914275
2025-12-08,0.09228869669436188,0.10446067895938513,0.1383525466229343,0,0,0.19019363790340463
2025-12-09,0.09411120120131189,0.10448078834143533,0.1272773883839023,0,0,0.183285626654566
2025-12-10,0.11324702493435033,0.10390993990293645,0.1291661014465192,0,0,0.18260104207127204
2025-12-11,0.12411662424479805,0.09801126164335297,0.12935888280112284,0,0,0.16819767154870793
2025-12-12,0.11669647389677963,0.12574593394588518,0.12033492313884676,0,0,0.3101043872162684
2025-12-15,0.12428503316155082,0.12480072559413644,0.12056091770819724,0,0,0.2883447601925138
2025-12-16,0.12695478530193696,0.1266780597733166,0.11545031708262772,0,0,0.31649274171328473
2025-12-17,0.10280449433270182,0.14235129520448267,0.11863068948114357,0,0,0.420766316527997
2025-12-18,0.08784615897706556,0.14238281286556825,0.12056137683311019,0,0,0.4085469913338731
2025-12-19,0.0652403003630781,0.12370053001589928,0.10687871123735043,0,0,0.32075882825273244
2025-12-22,0.048863309087247786,0.09717126158193026,0.10413296106265997,0,0,0.19873935505573068
2025-12-23,0.06423968738607198,0.08645415188762545,0.09365990280215236,0,0,0.16068007972395335
2025-12-24,0.06061600591366106,0.07576780542467601,0.08940611865663395,0,0,0.08563478002699161
2025-12-26,0.07677658160109105,0.06970515776413987,0.08700084134940457,0,0,0.08375916313291214
2025-12-29,0.08381128884514046,0.08649969077194444,0.08667226558405453,0,0,0.1290983209756714
2025-12-30,0.08645486729609073,0.09073231006468088,0.08488010891152811,0,0,0.13644226194500997
2025-12-31,0.06846762201773565,0.11199727584273442,0.08940500245045649,0,0,0.2307206214298498
2026-01-02,0.08190625251386578,0.11858318063877699,0.08879804410183988,0,0,0.2456771338243805
2026-01-05,0.06791080253005977,0.1023461312351247,0.09178474955047103,0,0,0.19910328061413304
2026-01-06,0.05515199963994103,0.09148820982991204,0.09375762257380234,0,0,0.1609837137721812
2026-01-07,0.06115583480341545,0.09322855226629212,0.09387279864635832,0,0,0.17204904300560556
2026-01-08,0.06412710176058149,0.09028959378583351,0.09375622027343683,0,0,0.1364166268906208
2026-01-09,0.044247641153326855,0.08325458648732878,0.09374044536090068,0,0,0.12037572868693242
2026-01-12,0.15216019238347617,0.07553681242855519,0.09359634752228897,0,0,0.10506990286691911
2026-01-13,0.17200957257642233,0.08908287714380553,0.0841213852951823,0,0,0.1396762652111173
2026-01-14,0.17242829683251315,0.10420596204880558,0.08632979459572654,0,0,0.1943414608972025
2026-01-15,0.17136329245241308,0.09382128671729811,0.08549217171392923,0,0,0.15521511561229703
2026-01-16,0.17499465912391535,0.09409806411699609,0.07294239138816692,0,0,0.1539807500435969
2026-01-20,0.10050377119649057,0.15836653093543612,0.10428086701976619,0,1,0.5621290535006894
2026-01-21,0.058864638518146335,0.1616451991909484,0.10734190469417768,0,1,0.554856635992196
2026-01-22,0.047916770273664186,0.11939824606413513,0.10667416672062688,0,0,0.3453792193123354
2026-01-23,0.052335907672287435,0.11101818552480545,0.10548589888473468,0,0,0.29760638454873534
2026-01-26,0.05181943639329903,0.10519237674875276,0.10629504527637704,0,0,0.2563374670827652
2026-01-27,0.07431272923170533,0.09173596355761385,0.10713913156953651,0,0,0.1349449655922969
2026-01-28,0.08191553955421056,0.08381806161943924,0.10614851350276924,0,0,0.11308711157134535
2026-01-29,0.12030013954792365,0.10723284071630762,0.10635197403791861,0,0,0.18645669663789596
2026-01-30,0.17950699468787895,0.1132718258987982,0.10306504409274773,1,0,0.21583623974813315
2026-02-02,0.17930285536791016,0.09980217465359797,0.10410042148068112,1,0,0.1622176867335302
2026-02-03,0.16990275376329186,0.12220606371842642,0.10683309852265066,0,0,0.2858307713951682
2026-02-04,0.1663771436547755,0.1323863462930542,0.10592521537268314,0,0,0.3287344633202308
2026-02-05,0.17871166651552667,0.15152957716959253,0.11409632378328342,1,0,0.4775210009324559
2026-02-06,0.11731393618147445,0.14208141671773247,0.13419639118054888,0,0,0.3935404131887328
2026-02-09,0.1128159071078438,0.11443850364136227,0.13319522379176973,0,0,0.2856592112531167
2026-02-10,0.11682756253787177,0.1177076159551797,0.13337191352987432,0,0,0.27853368379756155
2026-02-11,0.11831092420776737,0.11525195286556804,0.13320606442138863,0,0,0.256006679725044
2026-02-12,0.06631069971956322,0.14908314654991803,0.14326531104291443,0,0,0.45340345996353953
2026-02-13,0.0983950789033407,0.13940350430591913,0.1428121431220545,0,0,0.37847517703494565
2026-02-17,0.11042662145867958,0.13489469869274695,0.1430598011451297,0,0,0.3716286426467373
2026-02-18,0.12033311576742516,0.1266237010760507,0.12325401885151843,0,0,0.3240199427378523
2026-02-19,0.1252684537134578,0.11832440261872304,0.11681010604852952,0,0,0.29408932662974074
2026-02-20,0.1193439603088565,0.12473411097340145,0.11821260367394174,0,0,0.26499960721203614
2026-02-23,0.09460328901049872,0.12130446710439036,0.12370943139792742,0,0,0.29852022928568817
2026-02-24,0.10127566637862674,0.11455616090046863,0.12523981759611533,0,0,0.23947851260508923
2026-02-25,0.09586086312921166,0.09344474068289157,0.1282364633444562,0,0,0.16822371391171745
2026-02-26,0.09592346652635819,0.10603986889604029,0.12965974725381768,0,0,0.22310354581366226
2026-02-27,0.1296417419576957,0.12101559873705946,0.13049206488015042,0,0,0.28635702653982414
2026-03-02,0.14361278412017786,0.1202392453785787,0.13023349281315472,0,0,0.26655641941984004
2026-03-03,0.1296324704380509,0.13161431771554777,0.13190560049043043,0,0,0.3546578773453011
2026-03-04,0.11997019907357263,0.12462191929311457,0.13187086932179076,0,0,0.2959548244594519
2026-03-05,0.15689991027464426,0.13770238963983739,0.13223181152395636,0,0,0.39243767646516076
2026-03-06,0.1321665998099815,0.1565933410640424,0.13301470297154747,0,1,0.5144898449250901
2026-03-09,0.13711784858063308,0.1487130179275455,0.11720209602455811,0,0,0.4638886883460747
2026-03-10,0.13790858571666595,0.12634422778016294,0.11525117739648243,0,0,0.35757801425740404
2026-03-11,0.1699737442252169,0.12009872861628776,0.1151300598978209,0,0,0.3108670930108828
2026-03-12,0.13189982245112594,0.1644725774139895,0.12548976444704826,0,1,0.594658090508652
2026-03-13,0.16211718696406066,0.16194493788469233,0.11573929390891613,0,1,0.5597406018552255
2026-03-16,0.16313662792869216,0.13979020827296093,0.12264992158674057,0,0,0.4297313365185364
2026-03-17,0.1638155916280213,0.1345232256147535,0.12298266906752267,0,0,0.4168339104797595
2026-03-18,0.13579484934224906,0.15458129887329863,0.1292923579150527,0,1,0.552497333020105
2026-03-19,0.18574048010188646,0.16887701501695862,0.12927966249918138,1,1,0.5944294619999192
2026-03-20,0.19723023852548913,0.1857707877299827,0.13200355573426958,1,1,0.7281461710035892
2026-03-23,0.1842993161962401,0.17277347761887274,0.13708952004266936,1,1,0.6328051611041475
2026-03-24,0.27345146611154214,0.1564219372526759,0.13282919372962484,1,1,0.5814853294291781
2026-03-25,0.27578785986006366,0.1502561451972269,0.13011214823942027,1,0,0.49893143519088223
2026-03-26,0.24440467210395347,0.16852835039316222,0.14098870437852476,1,1,0.6536473748075614
2026-03-27,0.21434998367345953,0.19910047150747956,0.14949242479400465,1,1,0.7826344318839736
2026-03-30,0.2130502168523505,0.18935811337615172,0.14861930436286766,1,1,0.7513843760454938
2026-03-31,0.18945179095450426,0.2151372500891311,0.1870222099555621,1,1,0.8113409177972005
2026-04-01,0.18633308845484384,0.17215531140150037,0.18733816656886704,1,1,0.6420908707555754
2026-04-02,0.18628279054092503,0.16230968668032453,0.1871478515014992,1,1,0.5431403348290945
2026-04-06,0.1958241675446135,0.12970180979555107,0.1834076412113719,1,0,0.3353151414146473
2026-04-07,0.21384604270091792,0.11945766734951499,0.17998477047215541,1,0,0.28990157137428896
2026-04-08,0.13024184510863807,0.11826986599349563,0.20295157638924613,0,0,0.26898327248576986
2026-04-09,0.12489503761442701,0.10645115883271793,0.2038760826407497,0,0,0.23672563053153234
2026-04-10,0.15116317015245187,0.11411896097505189,0.19536717068848145,0,0,0.2464094457436491
2026-04-13,0.13522439607000167,0.10791830248398092,0.19589662571683714,0,0,0.20445785895532592
2026-04-14,0.11431238763417759,0.09196053700730049,0.197125177609036,0,0,0.14768348268192868
2026-04-15,0.12276118121614919,0.08203624365252471,0.19821751457119044,0,0,0.13852673023178483
2026-04-16,0.1246141973401266,0.09414708133787024,0.18862534268726472,0,0,0.16726283212234247
2026-04-17,0.10610560381324637,0.09021752292203208,0.18996692942654428,0,0,0.14790292778437322
2026-04-20,0.10585735011430839,0.08610471502478992,0.17892669979393785,0,0,0.14228914990610614
2026-04-21,0.10114600067884881,0.11494564919729261,0.1815194791098278,0,0,0.2489540782878854
2026-04-22,0.07151951248289024,0.10994760010202884,0.18096569166031565,0,0,0.21292409026667497
2026-04-23,0.0964013374729574,0.11570793490519105,0.18315740666172467,0,0,0.26205527889740077
2026-04-24,0.08170244988700581,0.11308346305401396,0.16433953470958934,0,0,0.2306392798427086
2026-04-27,0.08488131143947283,0.10741101582148971,0.14262295369025627,0,0,0.21199644895756703
2026-04-28,0.09603831801335827,0.11504275083575016,0.14405061536086006,0,0,0.23970419492166867
2026-04-29,0.13720591542204374,0.1124375726815796,0.11768786288337721,0,0,0.22081065142684023
2026-04-30,0.11983554810943803,0.11699743675115737,0.11880071105643608,0,0,0.23822155298848263
2026-05-01,0.1318424683597945,0.09517861919265197,0.11820924108397646,0,0,0.16483025795943382
2026-05-04,0.13024747727735916,0.11080095349721802,0.12189664240849624,0,0,0.22380098059380638
2026-05-05,0.11773925987191361,0.09653087091394374,0.12167709540199072,0,0,0.15520841522996384
2026-05-06,0.07634183036410791,0.08765959444068136,0.1013079559206936,0,0,0.1434965266283808
2026-05-07,0.0920279082877301,0.08982910696204147,0.1042030117477341,0,0,0.16580562995382772
2026-05-08,0.11155138389122192,0.08999170678600152,0.1040849880102567,0,0,0.14974760233608617
2026-05-11,0.11048903865370527,0.07929437193701593,0.10209156058153807,0,0,0.11895384532101298
2026-05-12,0.119762334520557,0.08951588741359456,0.09866275298472593,0,0,0.15476697604950918
2026-05-13,0.13421819519715686,0.08658853081330975,0.09751429449563274,0,0,0.1299173780556368
2026-05-14,0.12286584311346621,0.08400989655073693,0.099036317944507,0,0,0.11893373275848262
2026-05-15,0.09214202597261903,0.12015954335454924,0.10725592460267933,0,0,0.3040264251107394
2026-05-18,0.10330411960986777,0.12084744592004945,0.10671066329325847,0,0,0.2837576041972637
2026-05-19,0.09177263941696359,0.1311159728590285,0.10683444128112513,0,0,0.367842171803739
2026-05-20,0.06860937691529434,0.11529154188062596,0.10695565990199181,0,0,0.27588993275725127
2026-05-21,0.06943697972524239,0.10658426431737117,0.10462383174254959,0,0,0.25106494194325935
2026-05-22,0.06646974904070913,0.10409627024885315,0.10289928380340413,0,0,0.19919245261437787
2026-05-26,0.04800509493351731,0.08594689166243757,0.104075304421884,0,0,0.13725901787224187
2026-05-27,0.06929821431076436,0.08271418536975281,0.10099595385586614,0,0,0.11555170613229283
2026-05-28,0.06319636907091136,0.07810448199966784,0.10090667276014556,0,0,0.0970135301615664
2026-05-29,0.1952993436905157,0.09357354869941015,0.0974929276967801,1,0,0.13754343867112084
2026-06-01,0.1950048871800494,0.07829302825086269,0.09749181041057228,1,0,0.09833766200821252
2026-06-02,0.19588175761904714,0.06833106822973938,0.09482619370827367,1,0,0.07733822550534512
2026-06-03,0.22044921842316462,0.10330677611466366,0.09886832721310401,1,0,0.1924516050274665
2026-06-04,0.2493941695215939,0.10023626371237446,0.08898522449904918,1,0,0.1723525228339765
2026-06-05,0.17089049931550598,0.19035940405497384,0.13215025923619841,0,1,0.7331634007340576
2026-06-08,0.21058497750592228,0.17163778439740465,0.12913392411652208,1,1,0.5948170923034467
2026-06-09,0.2138046517012935,0.17905505564997598,0.12930004758186547,1,1,0.6798214496605631
2026-06-10,0.2023461892278818,0.19125501363238182,0.14086233712201499,1,1,0.7431274641905462
2026-06-11,0.1789398334517609,0.19784340840690767,0.15288260254911534,1,1,0.7342006485456012
2026-06-12,0.17622131287033474,0.1540461591853795,0.15137592385172954,0,0,0.4991195081637199
2026-06-15,0.16260022921649422,0.13377903995152393,0.1574247871071832,0,0,0.3377928758158414
2026-06-16,0.1569958695168039,0.136361099999226,0.15930609436243293,0,0,0.3763861773524426
2026-06-17,0.12959115543189953,0.1624959099174143,0.16425590096473536,0,1,0.5022092579502044
2026-06-18,0.11856055986299789,0.14443908292387878,0.16437149502039552,0,0,0.3851291683297008
2026-06-22,0.16435784723999278,0.13245781174786633,0.16476643869165952,0,0,0.3569326373158049
2026-06-23,0.1387829149628731,0.17205143321225325,0.17225647865045127,0,1,0.611411196864019
2026-06-24,0.13907618088961335,0.1777218920814998,0.17009486574934699,0,1,0.6199474345157564
2026-06-25,0.13901133512872788,0.15646874599419822,0.17030111287659905,0,1,0.5048641679085899
2026-06-26,0.14309096182215042,0.16136389191088765,0.16990252496618227,0,1,0.5653673140254828
2026-06-29,0.09033774595480104,0.1583593164979289,0.18106922229558917,0,0,0.4926064979263814
2026-06-30,0.07490731413877649,0.12723277830829666,0.18327596441237942,0,0,0.3279319402049393
2026-07-01,0.09539462462432453,0.11482237607779357,0.18313412959861564,0,0,0.2600903997601456
2026-07-02,0.09972600133251262,0.12159034877997808,0.1816629275919436,0,0,0.28467859072931523
2026-07-06,0.09548161102126652,0.10399970000766415,0.1840210275282708,0,0,0.19494279376602155
2026-07-07,0.09277065051540116,0.10040053967518264,0.15791914763525144,0,0,0.19953623461752393
2026-07-08,0.09440621896050037,0.11845498810273022,0.15841098695589273,0,0,0.2695166270223867
2026-07-09,0.08257759732958504,0.11194333799463202,0.16022426150843316,0,0,0.22927812223621577
2026-07-10,0.10427343425654433,0.0993503589666909,0.14731287219725897,0,0,0.18248639184207865
2026-07-13,0.08959597568429722,0.11364768635317665,0.14035534978514413,0,0,0.25143541990337176
2026-07-14,0.10426872230271607,0.1116961526992547,0.13972143713447446,0,0,0.2201773202743608
2026-07-15,0.10075468890480209,0.101051042253838,0.12587256674019806,0,0,0.1824990595705504
2026-07-16,0.12824151594714112,0.10857147738963693,0.12553567476396976,0,0,0.2234699724932275
2026-07-17,0.10729252528689177,0.14282659488454091,0.12231754260579406,0,0,0.4073943163724407
2026-07-20,0.10668872372437121,0.13669771818093224,0.11650330890721512,0,0,0.3591069810624962
2026-07-21,0.09051608313391674,0.10970120164234184,0.11985112505393833,0,0,0.2341048861322793
2026-07-22,0.1422835959607229,0.10614644737735474,0.10644590344363054,0,0,0.23590503094657259
2026-07-23,0.16246686077331937,0.14760146315791198,0.11652156689618492,0,0,0.46567278598148976
2026-07-24,0.17011001643839876,0.13473614134716155,0.11647735451932446,0,0,0.35907987407964254
2026-07-27,0.19752370340841183,0.11702000819014297,0.11300276155800415,1,0,0.28677958023777295
2026-07-28,0.23413451885241388,0.11876471843435285,0.09710593741403419,1,0,0.2936962625295141
2026-07-29,0.20712462794256192,0.16619113933375854,0.10703380595850004,1,1,0.6136244064604942
2026-07-30,0.17057660041918907,0.1596516864432598,0.12427165944581602,0,1,0.5090015781522166
2026-07-31,0.16845128908800439,0.12597447095868,0.12695253813378135,0,0,0.3488076129513649
2026-08-03,0.1352765209702909,0.1170817345828419,0.13314170359148514,0,0,0.26572613590128663
2026-08-04,0.05219427853046273,0.11110312466496679,0.14514326363789176,0,0,0.23114828094603068
2026-08-05,0.05327580321315112,0.08755369944776938,0.14472930548104668,0,0,0.13544342728665051
2026-08-06,0.07173660300887359,0.08717644266970742,0.1428271181304288,0,0,0.13212282955494384
2026-08-07,0.05891257406876973,0.0925522203592879,0.1435001767649922,0,0,0.14553205742995523
2026-08-10,0.06780795377781554,0.09198933497930474,0.13978201621409608,0,0,0.1556143304578602
2026-08-11,0.07998504323405822,0.1067586545851928,0.1405650622768662,0,0,0.20343361133216128
2026-08-12,0.07939498254190153,0.11033940155269492,0.14028559016149314,0,0,0.20812122296539978
2026-08-13,0.08633130056659943,0.09993409548613517,0.13945473731744143,0,0,0.17208476555504557
2026-08-14,0.08997415467877574,0.09754961356508397,0.1333043679018309,0,0,0.17106801829929616
2026-08-17,0.0860238953725127,0.111904451125162,0.13493320335371725,0,0,0.22470916439250352
2026-08-18,0.07481544607346752,0.1252223055652662,0.13622877295846367,0,0,0.2937574825454167
